Group,GroupName,RelPath,Required,Version,SHA256,Reason
0,Base,System32\lfsvc.dll,Required,10.0.19041.1,A0B145041F984DD4E0A6F8D0E9C8363DA6F2DA7460E140F028C320CEAC03759C,ServiceDll do lfsvc (ausente originalmente)
1,Core,System32\LocationFramework.dll,Required,10.0.19041.3636,B447A664680B55175CD1C9A7607A9E110EBB30C80AB6B7748F506D6968EE744B,Import estatico do lfsvc.dll - causa do erro 126
2,Resources,System32\pt-BR\lfsvc.dll.mui,Required,10.0.19041.1,64B604AA8A84A93457209634954AD49CB94B2C16C3449358113BEC3D5600E4C9,DisplayName/Description do servico
2,Resources,System32\pt-BR\locationframework.dll.mui,Required,10.0.19041.1,E5E6670431137E990CC05E4DCF68AA3E8945FA4A093B0E801B54255051A45C27,Recursos pt-BR do LocationFramework
3,Framework,System32\LocationWinPalMisc.dll,Required,10.0.19041.3636,7B82F3C0C7374868174D20FF5DF275F9FBA8764B92245B447D37922EB14DAA50,Componente LocationPalMisc do framework
3,Framework,System32\LocationApi.dll,Required,10.0.19041.3636,C32219804910D1C3F90C58680E255F2A11746E04AC62B4DD45A8CAD66D0679F5,Location API (clientes Win32/.NET)
3,Framework,System32\LocationFrameworkPS.dll,Required,10.0.19041.3636,5B33DFC4FBA2EF5CEB3E10C6CF2F38C7BC16B25C48A8BD57B93442C60AEBE07D,Proxy/stub COM do framework
3,Framework,System32\LocationFrameworkInternalPS.dll,Required,10.0.19041.3636,2CDB9134783FB801B60C26F9E212E1EBC3BADA44F06AB00DB9B973C52E207B42,Proxy/stub COM interno
3,Framework,SysWOW64\LocationApi.dll,Required,10.0.19041.3636,C72DE8251A1688849CE066F8EDD6413BF50A05524B0B982B537945C0CD645369,Location API 32-bit
3,Framework,SysWOW64\LocationFrameworkPS.dll,Required,10.0.19041.3636,F8E680E684BDED4AC80D9B389BCE1995A68B8B6B4EC8838C41AD1C6A61188146,Proxy/stub COM 32-bit
3,Framework,SysWOW64\LocationFrameworkInternalPS.dll,Required,10.0.19041.3636,527E2A1C5D41310FF178B7E59F5A7749C3471DB8637973C5DE7C4C043A17BA23,Proxy/stub COM interno 32-bit
4,UI,System32\SettingsHandlers_Geolocation.dll,Required,10.0.19041.3636,0AA5DCB68DD36089133514C196F36F286D7BFF79AD29C6C99BAFD98EEB5F8C33,Pagina Configuracoes > Privacidade > Localizacao
4,UI,System32\pt-BR\SettingsHandlers_Geolocation.dll.mui,Required,10.0.19041.1,CB29CF0622C400C1B7F0273874DEBF56E36DF1C5F00FD31038B977096C759B24,Recursos pt-BR
4,UI,System32\LocationNotificationWindows.exe,Required,10.0.19041.1,A9024C4C0ED03730085FB529828A917F701E3DCA30D3286AE0D41E9FFF33F445,Icone/notificacao de localizacao em uso
4,UI,System32\pt-BR\LocationNotificationWindows.exe.mui,Required,10.0.19041.1,879131F24947CB21E50A03BC1A61897F02A51648BC134D13D9593605B5FCC940,Recursos pt-BR
9,Optional,SysWOW64\Geolocation.dll,Optional,10.0.19041.3636,EB2B287967BE051500EF7055D057F68978670867FA1082DB11B8E81069794755,WinRT Geolocation para processos 32-bit (x64 atual e mais novo)
